{"single": {"income_tax_brackets": [{"bracket": 0, "marginal_rate": 10, "marginal_capital_gain_rate": 0, "amount": 0}, {"bracket": 9700, "marginal_rate": 12, "marginal_capital_gain_rate": 0, "amount": 970}, {"bracket": 39475, "marginal_rate": 22, "marginal_capital_gain_rate": 15, "amount": 4543}, {"bracket": 84200, "marginal_rate": 24, "marginal_capital_gain_rate": 15, "amount": 14382.5}, {"bracket": 160725, "marginal_rate": 32, "marginal_capital_gain_rate": 15, "amount": 32748.5}, {"bracket": 204100, "marginal_rate": 35, "marginal_capital_gain_rate": 15, "amount": 46628.5}, {"bracket": 510300, "marginal_rate": 37, "marginal_capital_gain_rate": 20, "amount": 153798.5}], "deductions": [{"deduction_name": "Standard Deduction (Single)", "deduction_amount": 12200}], "exemptions": [{"exemption_name": "Standard Exemption (Single)", "exemption_amount": 0}]}, "married": {"income_tax_brackets": [{"bracket": 0, "marginal_rate": 10, "marginal_capital_gain_rate": 0, "amount": 0}, {"bracket": 19400, "marginal_rate": 12, "marginal_capital_gain_rate": 0, "amount": 1940}, {"bracket": 78950, "marginal_rate": 22, "marginal_capital_gain_rate": 15, "amount": 9086}, {"bracket": 168400, "marginal_rate": 24, "marginal_capital_gain_rate": 15, "amount": 28765}, {"bracket": 321450, "marginal_rate": 32, "marginal_capital_gain_rate": 15, "amount": 65497}, {"bracket": 408200, "marginal_rate": 35, "marginal_capital_gain_rate": 15, "amount": 93257}, {"bracket": 612350, "marginal_rate": 37, "marginal_capital_gain_rate": 20, "amount": 164709.5}], "deductions": [{"deduction_name": "Standard Deduction (Married)", "deduction_amount": 24400}], "exemptions": [{"exemption_name": "Standard Exemption (Single)", "exemption_amount": 0}]}, "married_separately": {"income_tax_brackets": [{"bracket": 0, "marginal_rate": 10, "marginal_capital_gain_rate": 0, "amount": 0}, {"bracket": 9700, "marginal_rate": 12, "marginal_capital_gain_rate": 0, "amount": 970}, {"bracket": 39475, "marginal_rate": 22, "marginal_capital_gain_rate": 15, "amount": 4543}, {"bracket": 84200, "marginal_rate": 24, "marginal_capital_gain_rate": 15, "amount": 14382.5}, {"bracket": 160725, "marginal_rate": 32, "marginal_capital_gain_rate": 15, "amount": 32748.5}, {"bracket": 204100, "marginal_rate": 35, "marginal_capital_gain_rate": 15, "amount": 46628.5}, {"bracket": 306175, "marginal_rate": 37, "marginal_capital_gain_rate": 20, "amount": 82354.75}], "deductions": [{"deduction_name": "Standard Deduction (Married Filing Separately)", "deduction_amount": 12200}], "exemptions": [{"exemption_name": "Standard Exemption (Single)", "exemption_amount": 0}]}, "head_of_household": {"income_tax_brackets": [{"bracket": 0, "marginal_rate": 10, "marginal_capital_gain_rate": 0, "amount": 0}, {"bracket": 13850, "marginal_rate": 12, "marginal_capital_gain_rate": 0, "amount": 1385}, {"bracket": 52850, "marginal_rate": 22, "marginal_capital_gain_rate": 15, "amount": 6065}, {"bracket": 84200, "marginal_rate": 24, "marginal_capital_gain_rate": 15, "amount": 12962}, {"bracket": 160700, "marginal_rate": 32, "marginal_capital_gain_rate": 15, "amount": 31322}, {"bracket": 204100, "marginal_rate": 35, "marginal_capital_gain_rate": 15, "amount": 45210}, {"bracket": 510300, "marginal_rate": 37, "marginal_capital_gain_rate": 20, "amount": 152380}], "deductions": [{"deduction_name": "Standard Deduction (Head of Household)", "deduction_amount": 18350}], "exemptions": [{"exemption_name": "Standard Exemption (Single)", "exemption_amount": 0}]}}