{"single": {"specialtaxes": [], "deductions": [{"deduction_name": "Standard Deduction (Single)", "deduction_amount": 12400}], "credits": [], "annotations": [], "income_tax_brackets": [{"bracket": 0, "marginal_rate": 2.59}, {"bracket": 26501, "marginal_rate": 3.34}, {"bracket": 53001, "marginal_rate": 4.17}, {"bracket": 159001, "marginal_rate": 4.5}]}, "married": {"specialtaxes": [], "deductions": [{"deduction_name": "Standard Deduction (Married)", "deduction_amount": 24800}], "credits": [], "annotations": [], "income_tax_brackets": [{"bracket": 0, "marginal_rate": 2.59}, {"bracket": 53001, "marginal_rate": 3.34}, {"bracket": 106001, "marginal_rate": 4.17}, {"bracket": 318001, "marginal_rate": 4.5}]}, "married_separately": {"specialtaxes": [], "deductions": [{"deduction_name": "Standard Deduction (Married Separately)", "deduction_amount": 12400}], "credits": [], "annotations": [], "income_tax_brackets": [{"bracket": 0, "marginal_rate": 2.59}, {"bracket": 26501, "marginal_rate": 3.34}, {"bracket": 53001, "marginal_rate": 4.17}, {"bracket": 159001, "marginal_rate": 4.5}]}, "head_of_household": {"specialtaxes": [], "deductions": [{"deduction_name": "Standard Deduction (Head Of Household)", "deduction_amount": 18650}], "credits": [], "annotations": [], "income_tax_brackets": [{"bracket": 0, "marginal_rate": 2.59}, {"bracket": 53001, "marginal_rate": 3.34}, {"bracket": 106001, "marginal_rate": 4.17}, {"bracket": 318001, "marginal_rate": 4.5}]}}