{"single": {"specialtaxes": [], "deductions": [{"deduction_name": "Standard Deduction (Single)", "deduction_amount": 12400}], "credits": [], "annotations": [], "income_tax_brackets": [{"bracket": 0, "marginal_rate": 0}, {"bracket": 2970, "marginal_rate": 3}, {"bracket": 5940, "marginal_rate": 4}, {"bracket": 8910, "marginal_rate": 5}, {"bracket": 11880, "marginal_rate": 6}, {"bracket": 14860, "marginal_rate": 7}]}, "married": {"specialtaxes": [], "deductions": [{"deduction_name": "Standard Deduction (Married)", "deduction_amount": 24800}], "credits": [], "annotations": [], "income_tax_brackets": [{"bracket": 0, "marginal_rate": 0}, {"bracket": 2970, "marginal_rate": 3}, {"bracket": 5940, "marginal_rate": 4}, {"bracket": 8910, "marginal_rate": 5}, {"bracket": 11880, "marginal_rate": 6}, {"bracket": 14860, "marginal_rate": 7}]}, "married_separately": {"specialtaxes": [], "deductions": [{"deduction_name": "Standard Deduction (Married Separately)", "deduction_amount": 12400}], "credits": [], "annotations": [], "income_tax_brackets": [{"bracket": 0, "marginal_rate": 0}, {"bracket": 2970, "marginal_rate": 3}, {"bracket": 5940, "marginal_rate": 4}, {"bracket": 8910, "marginal_rate": 5}, {"bracket": 11880, "marginal_rate": 6}, {"bracket": 14860, "marginal_rate": 7}]}, "head_of_household": {"specialtaxes": [], "deductions": [{"deduction_name": "Standard Deduction (Head Of Household)", "deduction_amount": 18650}], "credits": [], "annotations": [], "income_tax_brackets": [{"bracket": 0, "marginal_rate": 0}, {"bracket": 2970, "marginal_rate": 3}, {"bracket": 5940, "marginal_rate": 4}, {"bracket": 8910, "marginal_rate": 5}, {"bracket": 11880, "marginal_rate": 6}, {"bracket": 14860, "marginal_rate": 7}]}}