{"single": {"specialtaxes": [], "deductions": [], "credits": [], "annotations": [], "income_tax_brackets": [{"bracket": 0, "marginal_rate": 4.63}]}, "married": {"specialtaxes": [], "deductions": [], "credits": [], "annotations": [], "income_tax_brackets": [{"bracket": 0, "marginal_rate": 4.63}]}, "married_separately": {"specialtaxes": [], "deductions": [], "credits": [], "annotations": [], "income_tax_brackets": [{"bracket": 0, "marginal_rate": 4.63}]}, "head_of_household": {"specialtaxes": [], "deductions": [], "credits": [], "annotations": [], "income_tax_brackets": [{"bracket": 0, "marginal_rate": 4.63}]}}