{"single": {"specialtaxes": [], "deductions": [{"deduction_name": "Standard Deduction (Single)", "deduction_amount": 4600}], "credits": [], "annotations": [], "income_tax_brackets": [{"bracket": 0, "marginal_rate": 1}, {"bracket": 750, "marginal_rate": 2}, {"bracket": 2250, "marginal_rate": 3}, {"bracket": 3750, "marginal_rate": 4}, {"bracket": 5250, "marginal_rate": 5}, {"bracket": 7000, "marginal_rate": 6}]}, "married": {"specialtaxes": [], "deductions": [{"deduction_name": "Standard Deduction (Married)", "deduction_amount": 6000}], "credits": [], "annotations": [], "income_tax_brackets": [{"bracket": 0, "marginal_rate": 1}, {"bracket": 1000, "marginal_rate": 2}, {"bracket": 3000, "marginal_rate": 3}, {"bracket": 5000, "marginal_rate": 4}, {"bracket": 7000, "marginal_rate": 5}, {"bracket": 10000, "marginal_rate": 6}]}, "married_separately": {"specialtaxes": [], "deductions": [{"deduction_name": "Standard Deduction (Married Separately)", "deduction_amount": 4600}], "credits": [], "annotations": [], "income_tax_brackets": [{"bracket": 0, "marginal_rate": 1}, {"bracket": 750, "marginal_rate": 2}, {"bracket": 2250, "marginal_rate": 3}, {"bracket": 3750, "marginal_rate": 4}, {"bracket": 5250, "marginal_rate": 5}, {"bracket": 7000, "marginal_rate": 6}]}, "head_of_household": {"specialtaxes": [], "deductions": [{"deduction_name": "Standard Deduction (Head Of Household)", "deduction_amount": 4600}], "credits": [], "annotations": [], "income_tax_brackets": [{"bracket": 0, "marginal_rate": 1}, {"bracket": 1000, "marginal_rate": 2}, {"bracket": 3000, "marginal_rate": 3}, {"bracket": 5000, "marginal_rate": 4}, {"bracket": 7000, "marginal_rate": 5}, {"bracket": 10000, "marginal_rate": 6}]}}