{"single": {"specialtaxes": [], "deductions": [{"deduction_name": "Standard Deduction (Single)", "deduction_amount": 2110}], "credits": [], "annotations": [], "income_tax_brackets": [{"bracket": 0, "marginal_rate": 0.36}, {"bracket": 1573, "marginal_rate": 0.72}, {"bracket": 3146, "marginal_rate": 2.43}, {"bracket": 6292, "marginal_rate": 4.5}, {"bracket": 14157, "marginal_rate": 6.12}, {"bracket": 23595, "marginal_rate": 6.48}, {"bracket": 31460, "marginal_rate": 6.8}, {"bracket": 47190, "marginal_rate": 7.92}, {"bracket": 70785, "marginal_rate": 8.98}]}, "married": {"specialtaxes": [], "deductions": [{"deduction_name": "Standard Deduction (Married)", "deduction_amount": 5210}], "credits": [], "annotations": [], "income_tax_brackets": [{"bracket": 0, "marginal_rate": 0.36}, {"bracket": 1573, "marginal_rate": 0.72}, {"bracket": 3146, "marginal_rate": 2.43}, {"bracket": 6292, "marginal_rate": 4.5}, {"bracket": 14157, "marginal_rate": 6.12}, {"bracket": 23595, "marginal_rate": 6.48}, {"bracket": 31460, "marginal_rate": 6.8}, {"bracket": 47190, "marginal_rate": 7.92}, {"bracket": 70785, "marginal_rate": 8.98}]}, "married_separately": {"specialtaxes": [], "deductions": [{"deduction_name": "Standard Deduction (Married Separately)", "deduction_amount": 2110}], "credits": [], "annotations": [], "income_tax_brackets": [{"bracket": 0, "marginal_rate": 0.36}, {"bracket": 1573, "marginal_rate": 0.72}, {"bracket": 3146, "marginal_rate": 2.43}, {"bracket": 6292, "marginal_rate": 4.5}, {"bracket": 14157, "marginal_rate": 6.12}, {"bracket": 23595, "marginal_rate": 6.48}, {"bracket": 31460, "marginal_rate": 6.8}, {"bracket": 47190, "marginal_rate": 7.92}, {"bracket": 70785, "marginal_rate": 8.98}]}, "head_of_household": {"specialtaxes": [], "deductions": [{"deduction_name": "Standard Deduction (Head Of Household)", "deduction_amount": 2110}], "credits": [], "annotations": [], "income_tax_brackets": [{"bracket": 0, "marginal_rate": 0.36}, {"bracket": 1573, "marginal_rate": 0.72}, {"bracket": 3146, "marginal_rate": 2.43}, {"bracket": 6292, "marginal_rate": 4.5}, {"bracket": 14157, "marginal_rate": 6.12}, {"bracket": 23595, "marginal_rate": 6.48}, {"bracket": 31460, "marginal_rate": 6.8}, {"bracket": 47190, "marginal_rate": 7.92}, {"bracket": 70785, "marginal_rate": 8.98}]}}