{"single": {"specialtaxes": [], "deductions": [], "credits": [], "annotations": [], "income_tax_brackets": [{"bracket": 0, "marginal_rate": 4.95}]}, "married": {"specialtaxes": [], "deductions": [], "credits": [], "annotations": [], "income_tax_brackets": [{"bracket": 0, "marginal_rate": 4.95}]}, "married_separately": {"specialtaxes": [], "deductions": [], "credits": [], "annotations": [], "income_tax_brackets": [{"bracket": 0, "marginal_rate": 4.95}]}, "head_of_household": {"specialtaxes": [], "deductions": [], "credits": [], "annotations": [], "income_tax_brackets": [{"bracket": 0, "marginal_rate": 4.95}]}}