{"single": {"specialtaxes": [], "deductions": [{"deduction_name": "Standard Deduction (Single)", "deduction_amount": 3000}], "credits": [], "annotations": [], "income_tax_brackets": [{"bracket": 0, "marginal_rate": 3.1}, {"bracket": 15000, "marginal_rate": 5.25}, {"bracket": 30000, "marginal_rate": 5.7}]}, "married": {"specialtaxes": [], "deductions": [{"deduction_name": "Standard Deduction (Married)", "deduction_amount": 7500}], "credits": [], "annotations": [], "income_tax_brackets": [{"bracket": 0, "marginal_rate": 3.1}, {"bracket": 30000, "marginal_rate": 5.25}, {"bracket": 60000, "marginal_rate": 5.7}]}, "married_separately": {"specialtaxes": [], "deductions": [{"deduction_name": "Standard Deduction (Married Separately)", "deduction_amount": 3000}], "credits": [], "annotations": [], "income_tax_brackets": [{"bracket": 0, "marginal_rate": 3.1}, {"bracket": 15000, "marginal_rate": 5.25}, {"bracket": 30000, "marginal_rate": 5.7}]}, "head_of_household": {"specialtaxes": [], "deductions": [{"deduction_name": "Standard Deduction (Head Of Household)", "deduction_amount": 3000}], "credits": [], "annotations": [], "income_tax_brackets": [{"bracket": 0, "marginal_rate": 3.1}, {"bracket": 15000, "marginal_rate": 5.25}, {"bracket": 30000, "marginal_rate": 5.7}]}}