{"single": {"specialtaxes": [], "deductions": [], "credits": [], "annotations": [], "income_tax_brackets": [{"bracket": 0, "marginal_rate": 2}, {"bracket": 12500, "marginal_rate": 4}, {"bracket": 50000, "marginal_rate": 6}]}, "married": {"specialtaxes": [], "deductions": [], "credits": [], "annotations": [], "income_tax_brackets": [{"bracket": 0, "marginal_rate": 2}, {"bracket": 25000, "marginal_rate": 4}, {"bracket": 100000, "marginal_rate": 6}]}, "married_separately": {"specialtaxes": [], "deductions": [], "credits": [], "annotations": [], "income_tax_brackets": [{"bracket": 0, "marginal_rate": 2}, {"bracket": 12500, "marginal_rate": 4}, {"bracket": 50000, "marginal_rate": 6}]}, "head_of_household": {"specialtaxes": [], "deductions": [], "credits": [], "annotations": [], "income_tax_brackets": [{"bracket": 0, "marginal_rate": 2}, {"bracket": 12500, "marginal_rate": 4}, {"bracket": 50000, "marginal_rate": 6}]}}