{"single": {"specialtaxes": [], "deductions": [{"deduction_name": "Standard Deduction (Single)", "deduction_amount": 6750}], "credits": [], "annotations": [], "income_tax_brackets": [{"bracket": 0, "marginal_rate": 2.46}, {"bracket": 3150, "marginal_rate": 3.51}, {"bracket": 18880, "marginal_rate": 5.01}, {"bracket": 30420, "marginal_rate": 6.84}]}, "married": {"specialtaxes": [], "deductions": [{"deduction_name": "Standard Deduction (Married)", "deduction_amount": 13500}], "credits": [], "annotations": [], "income_tax_brackets": [{"bracket": 0, "marginal_rate": 2.46}, {"bracket": 6290, "marginal_rate": 3.51}, {"bracket": 37770, "marginal_rate": 5.01}, {"bracket": 60840, "marginal_rate": 6.84}]}, "married_separately": {"specialtaxes": [], "deductions": [{"deduction_name": "Standard Deduction (Married Separately)", "deduction_amount": 6750}], "credits": [], "annotations": [], "income_tax_brackets": [{"bracket": 0, "marginal_rate": 2.46}, {"bracket": 3150, "marginal_rate": 3.51}, {"bracket": 18880, "marginal_rate": 5.01}, {"bracket": 30420, "marginal_rate": 6.84}]}, "head_of_household": {"specialtaxes": [], "deductions": [{"deduction_name": "Standard Deduction (Head Of Household)", "deduction_amount": 9900}], "credits": [], "annotations": [], "income_tax_brackets": [{"bracket": 0, "marginal_rate": 2.46}, {"bracket": 5870, "marginal_rate": 3.51}, {"bracket": 30210, "marginal_rate": 5.01}, {"bracket": 45110, "marginal_rate": 6.84}]}}