{"single": {"specialtaxes": [], "deductions": [], "credits": [], "annotations": [], "income_tax_brackets": [{"bracket": 0, "marginal_rate": 1.4}, {"bracket": 20000, "marginal_rate": 1.75}, {"bracket": 35000, "marginal_rate": 3.5}, {"bracket": 40000, "marginal_rate": 5.525}, {"bracket": 75000, "marginal_rate": 6.37}, {"bracket": 500000, "marginal_rate": 8.97}, {"bracket": 5000000, "marginal_rate": 10.75}]}, "married": {"specialtaxes": [], "deductions": [], "credits": [], "annotations": [], "income_tax_brackets": [{"bracket": 0, "marginal_rate": 1.4}, {"bracket": 20000, "marginal_rate": 1.75}, {"bracket": 50000, "marginal_rate": 2.45}, {"bracket": 70000, "marginal_rate": 3.5}, {"bracket": 80000, "marginal_rate": 5.525}, {"bracket": 150000, "marginal_rate": 6.37}, {"bracket": 500000, "marginal_rate": 8.97}, {"bracket": 5000000, "marginal_rate": 10.75}]}, "married_separately": {"specialtaxes": [], "deductions": [], "credits": [], "annotations": [], "income_tax_brackets": [{"bracket": 0, "marginal_rate": 1.4}, {"bracket": 20000, "marginal_rate": 1.75}, {"bracket": 35000, "marginal_rate": 3.5}, {"bracket": 40000, "marginal_rate": 5.525}, {"bracket": 75000, "marginal_rate": 6.37}, {"bracket": 500000, "marginal_rate": 8.97}, {"bracket": 5000000, "marginal_rate": 10.75}]}, "head_of_household": {"specialtaxes": [], "deductions": [], "credits": [], "annotations": [], "income_tax_brackets": [{"bracket": 0, "marginal_rate": 1.4}, {"bracket": 20000, "marginal_rate": 1.75}, {"bracket": 50000, "marginal_rate": 2.45}, {"bracket": 70000, "marginal_rate": 3.5}, {"bracket": 80000, "marginal_rate": 5.525}, {"bracket": 150000, "marginal_rate": 6.37}, {"bracket": 500000, "marginal_rate": 8.97}, {"bracket": 5000000, "marginal_rate": 10.75}]}}