{"single": {"specialtaxes": [], "deductions": [{"deduction_name": "Standard Deduction (Single)", "deduction_amount": 12200}], "credits": [], "annotations": [], "income_tax_brackets": [{"bracket": 0, "marginal_rate": 1.7}, {"bracket": 5500, "marginal_rate": 3.2}, {"bracket": 11000, "marginal_rate": 4.7}, {"bracket": 16000, "marginal_rate": 4.9}]}, "married": {"specialtaxes": [], "deductions": [{"deduction_name": "Standard Deduction (Married)", "deduction_amount": 24400}], "credits": [], "annotations": [], "income_tax_brackets": [{"bracket": 0, "marginal_rate": 1.7}, {"bracket": 8000, "marginal_rate": 3.2}, {"bracket": 16000, "marginal_rate": 4.7}, {"bracket": 24000, "marginal_rate": 4.9}]}, "married_separately": {"specialtaxes": [], "deductions": [{"deduction_name": "Standard Deduction (Married Separately)", "deduction_amount": 12200}], "credits": [], "annotations": [], "income_tax_brackets": [{"bracket": 0, "marginal_rate": 1.7}, {"bracket": 4000, "marginal_rate": 3.2}, {"bracket": 8000, "marginal_rate": 4.7}, {"bracket": 12000, "marginal_rate": 4.9}]}, "head_of_household": {"specialtaxes": [], "deductions": [{"deduction_name": "Standard Deduction (Head Of Household)", "deduction_amount": 18350}], "credits": [], "annotations": [], "income_tax_brackets": [{"bracket": 0, "marginal_rate": 1.7}, {"bracket": 8000, "marginal_rate": 3.2}, {"bracket": 16000, "marginal_rate": 4.7}, {"bracket": 24000, "marginal_rate": 4.9}]}}