{"single": {"specialtaxes": [], "deductions": [{"deduction_name": "Standard Deduction (Single)", "deduction_amount": 2270}], "credits": [], "annotations": [], "income_tax_brackets": [{"bracket": 0, "marginal_rate": 5}, {"bracket": 3400, "marginal_rate": 7}, {"bracket": 8500, "marginal_rate": 9}, {"bracket": 125000, "marginal_rate": 9.9}]}, "married": {"specialtaxes": [], "deductions": [{"deduction_name": "Standard Deduction (Married)", "deduction_amount": 4545}], "credits": [], "annotations": [], "income_tax_brackets": [{"bracket": 0, "marginal_rate": 5}, {"bracket": 6800, "marginal_rate": 7}, {"bracket": 17000, "marginal_rate": 9}, {"bracket": 250000, "marginal_rate": 9.9}]}, "married_separately": {"specialtaxes": [], "deductions": [{"deduction_name": "Standard Deduction (Married Separately)", "deduction_amount": 2270}], "credits": [], "annotations": [], "income_tax_brackets": [{"bracket": 0, "marginal_rate": 5}, {"bracket": 3400, "marginal_rate": 7}, {"bracket": 8500, "marginal_rate": 9}, {"bracket": 125000, "marginal_rate": 9.9}]}, "head_of_household": {"specialtaxes": [], "deductions": [{"deduction_name": "Standard Deduction (Head Of Household)", "deduction_amount": 3655}], "credits": [], "annotations": [], "income_tax_brackets": [{"bracket": 0, "marginal_rate": 5}, {"bracket": 6800, "marginal_rate": 7}, {"bracket": 17000, "marginal_rate": 9}, {"bracket": 250000, "marginal_rate": 9.9}]}}