{"single": {"specialtaxes": [], "deductions": [{"deduction_name": "Standard Deduction (Single)", "deduction_amount": 8750}], "credits": [], "annotations": [], "income_tax_brackets": [{"bracket": 0, "marginal_rate": 3.75}, {"bracket": 62550, "marginal_rate": 4.75}, {"bracket": 142150, "marginal_rate": 5.99}]}, "married": {"specialtaxes": [], "deductions": [{"deduction_name": "Standard Deduction (Married)", "deduction_amount": 17500}], "credits": [], "annotations": [], "income_tax_brackets": [{"bracket": 0, "marginal_rate": 3.75}, {"bracket": 62550, "marginal_rate": 4.75}, {"bracket": 142150, "marginal_rate": 5.99}]}, "married_separately": {"specialtaxes": [], "deductions": [{"deduction_name": "Standard Deduction (Married Separately)", "deduction_amount": 8750}], "credits": [], "annotations": [], "income_tax_brackets": [{"bracket": 0, "marginal_rate": 3.75}, {"bracket": 62550, "marginal_rate": 4.75}, {"bracket": 142150, "marginal_rate": 5.99}]}, "head_of_household": {"specialtaxes": [], "deductions": [{"deduction_name": "Standard Deduction (Head Of Household)", "deduction_amount": 13100}], "credits": [], "annotations": [], "income_tax_brackets": [{"bracket": 0, "marginal_rate": 3.75}, {"bracket": 62550, "marginal_rate": 4.75}, {"bracket": 142150, "marginal_rate": 5.99}]}}