{"single": {"specialtaxes": [], "deductions": [], "credits": [], "annotations": [], "income_tax_brackets": [{"bracket": 0, "marginal_rate": 0}]}, "married": {"specialtaxes": [], "deductions": [], "credits": [], "annotations": [], "income_tax_brackets": [{"bracket": 0, "marginal_rate": 0}]}, "married_separately": {"specialtaxes": [], "deductions": [], "credits": [], "annotations": [], "income_tax_brackets": [{"bracket": 0, "marginal_rate": 0}]}, "head_of_household": {"specialtaxes": [], "deductions": [], "credits": [], "annotations": [], "income_tax_brackets": [{"bracket": 0, "marginal_rate": 0}]}}